{
  "tokenizer_type": "llama",
  "text_size_mb": 256,
  "thread_counts": [
    1,
    2,
    4,
    8,
    16,
    32
  ],
  "tokendagger_throughput": [
    42.6642397044174,
    83.30381715376527,
    142.17141923996905,
    200.03310329573853,
    255.29560547021086,
    235.23511168236982
  ],
  "tiktoken_throughput": [
    11.62533173711742,
    21.990803133626127,
    43.49813217240377,
    72.36367570236891,
    129.0093608551935,
    166.30869078517986
  ],
  "speedups_vs_tiktoken": [
    3.669937397846359,
    3.788120726995434,
    3.2684488307791275,
    2.764275050350852,
    1.9788921034712146,
    1.4144487012180373
  ],
  "hf_fast_throughput": [
    11.287884083561087,
    15.96877014465805,
    17.738310517296995,
    19.062707397551634,
    18.42476261988809,
    21.313618273746023
  ],
  "speedups_vs_hf": [
    3.7796489925468597,
    5.216670814291385,
    8.014935757344801,
    10.493425677898736,
    13.85611368445199,
    11.036845488226225
  ]
}