{
  "tokenizer_type": "llama",
  "text_size_mb": 1024,
  "thread_counts": [
    1,
    2,
    4,
    8,
    16,
    32
  ],
  "tokendagger_throughput": [
    47.30024392222117,
    74.65380019540419,
    136.61367487011955,
    197.96208052202567,
    242.71922396993133,
    258.73911642899594
  ],
  "tiktoken_throughput": [
    12.975829526059456,
    23.272610460090448,
    43.04587009950658,
    76.62666484248794,
    141.69493810357415,
    159.35301470921246
  ],
  "speedups": [
    3.645257810086649,
    3.2077965780171467,
    3.1736766977718847,
    2.583462048478191,
    1.712970323558855,
    1.6236851050552343
  ]
}